x,y
2.39097,-0.817193
1.45393,-1.5557
1.62026,-2.24493
0.587255,-2.7793
0.352904,-2.66923
0,-2.85286
0,-2.65811
-0.55339,-2.38325
-1.6256,-1.94089
-1.99244,-1.1992
-2.0798,-0.722837
-2.7359,0.127879
-2.95942,1.20678
-2.72457,1.59723
-2.858,2.07424
-2.19191,2.67513
-1.94678,2.83314
-1.8721,3.25053
-0.307197,2.98646
-0.09986,2.8871
0.393234,2.18177
1.45782,1.93186
1.75462,1.42462
2.15734,0.888156
2.4513,0
2.77505,0
2.38666,-1.02453
2.0602,-1.07221
1.7005,-1.81796
1.81887,-2.17725
0.746397,-2.84798
0.747477,-2.73192
0,-2.76964
-0.44782,-2.4857
-0.736539,-2.46445
-1.73449,-1.34416
-2.00293,-0.360819
-2.94256,-0.248262
-2.82289,0.48725
-2.81794,1.03213
-2.94488,1.41385
-2.62149,2.20363
-2.49617,2.73398
-2.15558,2.94867
-1.09497,2.96429
-0.68831,3.15059
0.282188,2.46526
0.545111,2.10004
1.32969,1.8904
2.06669,0.76103
2.14412,0.384896
2.74894,0
2.85944,-0.338233
2.3128,-1.01937
2.0906,-1.66937
1.91534,-2.15618
0.859806,-2.37927
0.921505,-2.70072
0.228265,-2.91002
0,-2.59127
-0.585811,-2.49112
-0.76199,-1.69914
-2.16084,-1.47507
-1.87606,-0.561623
-2.63551,-0.352534
-2.55193,0.21992
-2.85785,1.55212
-2.88189,2.53687
-2.48278,2.39746
-2.28444,2.41439
-1.18263,2.81799
-1.09123,2.90394
-0.528645,2.93143
0.530998,2.26778
0.691074,2.02333
1.79743,2.3008
2.0302,0.577125
2.28122,0.208052
2.13676,0
2.4787,-0.562234
2.4445,-1.16951
2.20031,-2.03226
1.94977,-1.86872
1.28818,-2.66302
0.693502,-2.81716
0,-2.74822
0,-2.57131
-0.620166,-2.55428
-0.731166,-1.66874
-1.77843,-0.834263
-2.22042,-0.694533
-2.52672,-0.0480686
-2.45266,0.366047
-3.15853,1.2481
-2.90409,2.01156
-2.37056,2.65655
-2.17312,2.90277
-0.90182,2.76291
-1.11831,2.66436
0,2.70095
0.469288,2.36238
0.704042,1.78465
1.40032,1.20788
2.26394,0.646139
2.23332,0
2.35692,-0.235223
2.71163,-0.655122
2.215,-1.29747
1.64808,-1.88954
1.65266,-2.28282
0.751636,-2.38563
0.653058,-2.7633
0,-3.13709
0,-2.5958
-0.472926,-1.83061
-1.66648,-1.83871
-2.25799,-0.702484
-2.48602,-0.776582
-2.50559,0.0133576
-2.86018,1.02914
-2.79961,0.979731
-2.62262,2.21857
-2.20656,2.47353
-2.25061,2.96148
-1.27203,2.88675
-0.524291,2.56598
0.0716173,2.8229
0.557336,1.85331
1.27797,2.01099
2.02635,0.529344
2.28977,0.654352
2.28657,0
2.52034,-0.920177
2.20176,-1.074
2.01408,-1.72388
1.92657,-1.81431
0.85513,-2.53886
1.03516,-2.74177
0.205512,-2.65625
0,-2.75985
-0.60141,-2.55493
-0.526263,-1.92192
-1.44177,-1.67546
-2.16191,-0.450222
-2.32711,0
-2.6542,0.207706
-2.83518,0.862139
-2.40382,1.44688
-2.47754,2.5229
-2.48988,2.75677
-1.3957,3.06715
-1.51316,2.78536
-0.642254,2.96692
-0.0229327,2.56812
0.706905,2.08842
0.831386,1.89743
1.56707,1.10559
2.10083,0.880411
2.28944,0
2.32355,-0.66503
2.11481,-0.680833
2.39938,-1.59765
2.05755,-1.98281
0.842401,-2.44382
0.640409,-2.88209
0.70587,-2.88825
0,-2.8262
-0.238661,-2.73361
-0.374457,-1.96289
-1.61663,-1.64172
-1.86117,-0.732281
-2.33016,0.122121
-2.53972,0.224679
-2.53297,1.53707
-2.56818,1.35501
-2.67523,2.45482
-2.28682,2.59388
-1.93894,3.10983
-1.25917,2.81947
-0.362468,3.14299
-0.15209,2.63076
0.351557,2.18686
0.929508,2.05087
1.91408,1.42617
1.78996,1.03841
2.06364,0.0802436
1.90719,-0.205751
2.28076,-0.524558
2.2256,-1.6141
2.035,-2.19378
1.70894,-1.98557
1.07234,-2.87884
0.579428,-2.75011
0,-2.54152
0,-2.6638
-0.335608,-1.7947
-1.50383,-2.01761
-1.60226,-0.98246
-2.09522,0
-2.39248,0.258782
-2.74359,1.10035
-2.97123,1.51711
-2.63966,2.15307
-2.6263,2.52233
-2.35021,2.72559
-1.60567,3.32366
-0.70464,2.86574
0.0639556,3.06786
0.447937,1.95619
1.11509,1.769
1.67881,0.778936
1.77934,0.436815
2.13744,0
2.28991,-0.253219
2.33256,-0.791928
1.99248,-1.65243
1.94711,-2.15348
1.60477,-2.22737
0.372496,-2.88212
0.494912,-2.82808
0,-2.96072
0,-2.40793
-0.490225,-1.87084
-0.769732,-1.81808
-1.52168,-0.804661
-1.77664,-0.194724
-2.94134,0.172569
-2.53471,1.06305
-2.90767,2.08613
-2.71448,2.19987
-2.30758,2.53656
-1.60436,3.01312
-1.36911,2.82747
-0.361673,2.96843
0.0957279,2.48538
0.378947,2.10348
1.15112,1.54417
2.03066,0.763935
1.64868,0
2.27013,0
2.17365,-0.489781
1.91924,-1.06418
2.20949,-2.14042
1.6673,-2.00698
0.599845,-2.54636
0.535724,-2.61304
0.303992,-2.63861
0,-2.70344
-0.694761,-2.20926
-0.529994,-1.84657
-0.956771,-1.11197
-1.51685,-0.550435
-2.07438,0.160472
-2.44166,0.292026
-2.61967,1.31831
-2.5836,1.48581
-2.19488,2.47944
-2.20341,2.32475
-1.67027,3.31097
-1.02576,2.8952
-0.694359,2.78372
0.268629,2.30443
0.272871,2.13813
1.27039,2.05758
1.42475,1.06267
2.07562,0.84569
2.14121,0
2.03497,-0.616555
2.17324,-1.10659
1.69525,-1.93898
1.89815,-1.71536
1.13631,-2.39463
0.726123,-3.12072
0.628731,-2.85166
0.396773,-2.71686
0,-2.58656
-0.87848,-1.65182
-1.13676,-1.94361
-1.4478,-0.615929
-2.34312,-0.444897
-2.30301,0.183913
-2.73226,1.03029
-2.34806,1.61942
-2.71256,2.3832
-1.84908,2.70906
-1.28101,2.87698
-1.41609,2.81117
-0.312483,2.87255
0.112339,2.53049
0.272817,1.81086
1.49556,2.01088
1.41574,0.841324
2.14411,0.315114
2.20209,0
1.96893,-0.435036
2.16678,-0.734548
1.89452,-1.30478
1.91215,-1.84938
1.17626,-2.41524
0.409808,-2.85328
0.863553,-2.51313
0,-2.67102
0,-2.4561
-0.830964,-1.8643
-0.873611,-1.53141
-1.90987,-0.437705
-2.14816,0.124334
-2.37047,0.23897
-2.32355,1.26605
-2.52558,1.63901
-1.66035,2.22013
-2.0653,2.49161
-1.48152,2.61927
-0.906327,2.86487
-0.181306,2.66894
-0.365635,2.38421
0.34622,2.26526
1.06677,2.00929
1.74588,1.16816
1.92432,0
2.19545,0
2.31677,-0.639296
2.21746,-0.945692
2.09394,-2.19227
1.77983,-1.93147
0.690574,-2.53176
0.607104,-2.90813
0.346292,-3.12288
0.0786998,-2.67477
0,-2.34856
-0.663662,-1.76209
-1.1269,-1.44456
-1.89181,-0.928925
-2.17057,0.180154
-2.65641,0.406818
-2.54531,1.22495
-2.6174,1.93967
-2.70928,2.5687
-2.38142,2.59598
-1.45454,2.90446
-1.03617,3.32102
-0.245529,2.82355
-0.0460336,2.52348
0.450577,2.21709
0.876413,1.80268
1.24482,0.633729
1.79753,0
2.25077,0
2.07363,-0.127963
1.57492,-0.66991
2.15852,-1.70221
1.85827,-1.55502
0.483182,-2.59884
0.867279,-2.57302
0,-2.67437
0,-2.70772
-0.653262,-2.12599
-0.97115,-2.07995
-1.28393,-1.32773
-1.5787,-0.506416
-2.25721,0
-2.40411,0.615398
-2.44588,1.17333
-2.39171,1.82347
-2.46043,2.69079
-1.82675,2.9414
-1.08915,2.84349
-0.707271,3.01189
-0.695581,2.52249
0,2.4892
0.329397,2.08618
0.935224,1.56723
1.43838,0.780228
2.0347,0
1.92072,0
2.05095,-0.209209
1.85897,-1.04371
2.00034,-1.63696
1.65128,-1.78368
0.803878,-2.55594
0.688261,-2.94843
0.180778,-2.80345
0,-2.8437
-0.238638,-2.36536
-0.8956,-1.85849
-1.06729,-1.48143
-1.89999,-0.852426
-2.08872,0.0845048
-2.79762,0.44879
-2.64084,1.1777
-2.36794,2.05541
-2.77629,2.09371
-2.11296,3.11119
-1.21698,2.98253
-0.939709,2.98239
0,2.69569
-0.26574,2.40408
0.687,2.05779
1.25748,1.34676
1.43119,0.419062
2.02208,0
1.96694,0
1.93035,-0.622992
1.86061,-1.01449
2.02169,-1.51502
1.46411,-1.82265
0.852349,-2.98957
1.34535,-2.90044
0,-2.82949
0,-2.87335
-0.144865,-2.55657
-0.493022,-1.89646
-0.806123,-1.39606
-1.91537,-0.956319
-1.99742,0
-2.37295,0.686507
-2.55649,1.17412
-2.59779,2.0438
-2.52197,2.51467
-1.79351,3.22189
-1.37399,2.69401
-1.05607,2.73301
-0.0726038,2.81407
-0.21536,2.35297
0.483408,2.04251
0.849345,1.73617
1.62125,1.01192
1.71255,0.19352
1.81974,0
